<?xml version="1.0" encoding="UTF-8"?>
<configuration>

    <contextName>logback-all</contextName>

    <property name="logback.log-dir" value="/home/logs/ly-gateway"/>
    <property name="logback.app-name" value="ly-gateway"/>
    <property name="file.log.pattern" value="%d [%X{X-B3-TraceId:-},%X{X-B3-SpanId:-}] [%thread] %-5level %logger{36} - %msg%n"/>

    <!-- 控制台输出 -->
    <appender name="STDOUT" class="ch.qos.logback.core.ConsoleAppender">
        <encoder class="ch.qos.logback.classic.encoder.PatternLayoutEncoder">
<!--            <pattern>%d{yyyy-MM-dd HH:mm:ss.SSS} [%X{X-B3-TraceId:-},%X{X-B3-SpanId:-}] [%thread] %-5level %logger{80} -%msg%n</pattern>-->
            <pattern>%d{yyyy-MM-dd HH:mm:ss.SSS, Asia/Shanghai} [%thread] %-5level %logger{36} - %msg%n</pattern>
        </encoder>
        <target>System.out</target>
    </appender>

    <appender name="fileInfoLog" class="ch.qos.logback.core.rolling.RollingFileAppender">
        <File>${logback.log-dir}/info.${logback.app-name}.log</File>
        <rollingPolicy class="ch.qos.logback.core.rolling.TimeBasedRollingPolicy">
            <FileNamePattern>${logback.log-dir}/info.${logback.app-name}.%d{yyyyMMdd}.log</FileNamePattern>
            <maxHistory>30</maxHistory>
            <cleanHistoryOnStart>false</cleanHistoryOnStart>
            <compressionMode>zip</compressionMode>
        </rollingPolicy>
        <encoder>
            <charset>UTF-8</charset>
            <pattern>%d{yyyy-MM-dd HH:mm:ss.SSS, Asia/Shanghai} [%thread] %-5level %logger{36} - %msg%n</pattern>
        </encoder>
    </appender>

    <appender name="fileErrorLog" class="ch.qos.logback.core.rolling.RollingFileAppender">
        <filter class="ch.qos.logback.classic.filter.ThresholdFilter">
            <level>ERROR</level>
        </filter>
        <File>${logback.log-dir}/error.${logback.app-name}.log</File>
        <rollingPolicy class="ch.qos.logback.core.rolling.TimeBasedRollingPolicy">
            <FileNamePattern>${logback.log-dir}/error.${logback.app-name}.%d{yyyyMMdd}.log</FileNamePattern>
            <maxHistory>30</maxHistory>
            <cleanHistoryOnStart>false</cleanHistoryOnStart>
            <compressionMode>zip</compressionMode>
        </rollingPolicy>
        <encoder>
            <charset>UTF-8</charset>
            <pattern>%d{yyyy-MM-dd HH:mm:ss.SSS, Asia/Shanghai} [%thread] %-5level %logger{36} - %msg%n</pattern>
        </encoder>
    </appender>


    <springProfile name="dev">
        <root level="info">
            <appender-ref ref="STDOUT" />
        </root>
    </springProfile>
    <springProfile name="test">
        <root level="info">
            <appender-ref ref="fileInfoLog"/>
            <appender-ref ref="fileErrorLog"/>
        </root>
    </springProfile>
    <springProfile name="prod">
        <root level="info">
            <appender-ref ref="fileInfoLog"/>
            <appender-ref ref="fileErrorLog"/>
        </root>
    </springProfile>

</configuration>